HOLEID,FROM,TO,CU
DH-001,0,5,0.82
DH-001,5,9.05,1.47
DH-002,0,4.05,0.41
DH-003,0,5,0.57
DH-003,5,10,0.71
DH-004,0,4.35,0.88
DH-004,8.2,13.2,0.75
DH-005,0,5,1.33
DH-005,5,10,1.5
DH-006,0,5,0.63
DH-007,0,5,0.56
DH-007,5,7.68,0.4
DH-007,17.08,22.08,0.46
DH-007,22.08,24.9,0.4
DH-007,37.62,42.62,0.41
DH-007,42.62,47,0.57
DH-007,55.45,60.45,0.75
DH-007,60.45,65.45,0.78
DH-007,65.45,69.14,0.99
DH-007,71.35,76.35,1.36
DH-007,76.35,79.4,1.18
DH-007,88.75,93.75,0.79
DH-007,93.75,98.75,1.1
DH-008,0,5,0.59
DH-008,5,7.88,0.87
DH-008,10.83,15.83,0.64
DH-008,15.83,20.83,1.3
DH-008,20.83,25.83,1.28
DH-008,25.83,30.83,0.97
DH-008,30.83,35.83,0.65
DH-008,35.83,40.83,0.94
DH-008,40.83,45.83,1.38
DH-008,45.83,50.83,1.57
DH-008,50.83,55.83,1.29
DH-008,55.83,60.83,1.35
DH-008,60.83,65.83,1.49
DH-008,65.83,69.47,1.25
DH-009,0,5,0.83
DH-009,5,10,1.18
DH-009,10,15,0.86
DH-009,21.63,24.53,0.2
DH-009,25.26,29.63,0.43
DH-009,34.88,38.82,0.79
DH-010,0,3.4,0.6
DH-010,5.3,10.3,0.83
DH-010,20.6,25.6,1.12
DH-010,28.2,33.2,1.09
DH-010,33.2,36.7,0.81
DH-010,51.55,56.55,0.94
DH-010,61.25,66.25,0.99
DH-011,0,3.09,0.49
DH-011,5.11,10.03,0.78
DH-011,24.65,28.68,0.53
DH-011,51.73,55.14,0.66
DH-012,0,5,1.04
DH-012,25.3,30.3,0.58
DH-012,30.3,35.3,0.95
DH-012,35.3,39.05,0.87
DH-012,41.57,46.57,1.12
DH-012,46.57,51.57,1.34
DH-012,54.3,59.3,1.3
DH-012,59.3,64.3,1.39
DH-012,64.3,69.3,1.14
DH-012,72.25,76.29,0.91
DH-013,0,5,0.34
DH-014,0,4.41,0.37
DH-014,35.81,39.82,0.31
DH-014,58.34,61.77,0.45
DH-014,66.66,71.66,0.64
DH-014,71.66,76.66,0.57
DH-014,76.66,81.66,0.71
DH-014,81.66,86.66,1.17
DH-014,86.66,91.06,0.94
DH-015,0,4.62,0.4
DH-015,12.65,15.15,0.84
DH-015,29,34,0.35
DH-015,38.01,43.01,1.09
DH-015,43.01,48.01,0.47
DH-015,48.01,53.01,0.47
DH-015,61.25,64.4,0.92
DH-015,80.55,85.55,0.45
DH-015,85.55,90.55,0.96
DH-015,90.55,95.45,0.51
DH-016,0,5,0.46
DH-016,5,10,0.53
DH-016,28.15,33.15,0.96
DH-016,49.8,53.55,1.07
DH-016,70.5,75.5,1.2
DH-016,75.5,80.5,1.17
DH-017,0,5,0.76
DH-017,5,10,0.87
DH-017,10,15,1.2
DH-017,18.8,23.8,0.79
DH-017,23.8,28.8,0.56
DH-017,28.8,33.8,0.87
DH-017,33.8,38,1.06
DH-017,51.85,56.85,1.56
DH-017,56.85,61.85,0.94
DH-018,0,5,0.38
DH-018,5,10,0.55
DH-018,10,15,0.62
DH-018,15,20,0.83
DH-018,20,25,1.3
DH-018,25,30,1.79
DH-018,30,35,1.33
DH-018,35,40,1.21
DH-018,40,45,0.76
DH-018,45,50,0.83
DH-018,52.6,57.6,1.15
DH-018,57.6,62.6,1.15
DH-018,62.6,67.6,1.02
DH-018,67.6,72.6,1.38
DH-019,0,2.65,0.53
DH-019,10.95,14.09,0.75
DH-019,18.25,22.65,0.73
DH-019,45.45,50.45,0.71
DH-020,0,5,1.32
DH-020,13.28,18.28,0.78
DH-020,18.28,23.28,0.74
DH-020,23.28,28.28,0.62
DH-020,28.28,33.28,0.68
DH-020,33.28,38.28,0.83
DH-020,38.28,42.88,0.81
DH-020,45.21,50.21,0.92
DH-020,50.21,55.21,1.29
DH-020,55.21,60.21,1.38
DH-020,60.21,64.73,1.48
DH-021,0,4.23,0.56
DH-021,10.1,15.1,0.47
DH-021,15.1,20.1,0.61
DH-021,20.1,25.1,0.63
DH-021,28.65,33.65,1.08
DH-021,33.65,38.65,0.99
DH-021,38.65,43.65,0.82
DH-021,43.65,48.65,0.92
DH-021,48.65,53.65,1.1
DH-021,53.65,58.65,1
DH-021,58.65,61.47,0.91
DH-022,0,5,0.45
DH-022,5,10,0.4
DH-022,10,15,0.65
DH-023,0,5,0.65
DH-023,5,10,0.97
DH-023,10,15,0.86
DH-023,15,20,0.88
DH-023,20,22.9,0.94
DH-024,0,5,0.63
DH-024,5,10,0.58
DH-024,10,15,0.73
DH-024,15,20,0.79
DH-024,20,24,1.02
DH-024,31.8,36.8,1.18
DH-024,36.8,41.8,1.06
DH-024,44.65,49.65,0.93
DH-024,49.65,54.65,0.53
DH-024,54.65,59.65,0.54
DH-024,66.65,71.65,0.82
DH-024,71.65,76.65,1.44
DH-024,76.65,80.85,1.44
DH-025,0,5,1.12
DH-025,5,10,0.75
DH-025,10,14.83,0.83
DH-025,27,31.82,0.72
DH-025,45.67,50.67,0.87
DH-025,50.67,54.94,1.44
DH-026,0,5,0.58
DH-026,5,10,0.66
DH-026,10,15,1.02
DH-026,15,20,1
DH-026,20,25,0.63
DH-026,25,30,0.5
DH-026,34.9,39.9,0.47
DH-026,47.5,52.5,0.73
DH-026,57.75,62.75,1.12
DH-026,62.75,67.25,0.94
DH-027,0,5,1.6
DH-027,5,10,0.5
DH-027,18.5,23.5,0.61
DH-027,23.5,28.5,0.45
DH-028,0,5,0.88
DH-028,5,10,1.07
DH-028,10,15,1.3
DH-028,15,20,1.23
DH-028,25.72,30.72,0.55
DH-028,30.72,35.72,0.57
DH-028,35.72,40.72,0.64
DH-029,0,5,0.56
DH-029,5,10,0.8
DH-029,10,15,0.5
DH-029,15,20,0.56
DH-029,20,25,0.73
DH-029,25,30,0.66
DH-029,30,35,1.12
DH-029,35,40,1.37
DH-029,40,45,1.2
DH-029,45,50,0.86
DH-029,50,54.35,0.73
DH-030,0,5,0.34
DH-030,5,10,0.47
DH-030,10,15,0.51
DH-030,15,20,0.73
DH-030,20,24.17,0.53
DH-030,30.17,35.17,0.63
DH-030,41.89,44.4,0.52
DH-031,0,5,0.48
DH-031,5,10,0.73
DH-031,10,15,0.96
DH-031,15,20,1.11
DH-031,24.38,29.38,0.92
DH-031,29.38,34.38,0.93
DH-031,34.38,39.38,1.1
DH-031,39.38,44.38,1.03
DH-031,44.38,49.38,0.95
DH-031,49.38,54.38,0.85
DH-031,54.38,57.28,0.9
DH-031,66.05,68.6,1.11
DH-031,73.66,78.25,0.99
DH-032,0,4.75,0.51
DH-032,18.13,23.13,0.7
DH-032,23.13,26.43,0.8
DH-032,30.77,35.77,0.76
DH-032,35.77,38.82,1.16
DH-032,40.95,45.95,0.87
DH-032,45.95,50.95,0.8
DH-032,54.65,59.65,0.94
DH-032,59.65,62.9,0.87
DH-033,0,5,0.73
DH-033,5,10,0.77
DH-033,10,13.75,0.8
DH-034,0,5,0.59
DH-034,5,8.2,0.77
DH-034,12.95,16.35,0.45
DH-035,0,5,0.92
DH-035,5,10,0.85
DH-035,10,15,0.58
DH-035,15,19.35,0.67
DH-035,33.8,38.8,1.03
DH-035,38.8,43.8,0.66
DH-035,56.4,61.2,0.57
DH-036,0,5,0.44
DH-036,5,10,0.87
DH-036,18.75,23.75,1.48
DH-036,23.75,28.75,1.31
DH-036,28.75,33.75,1.97
DH-036,48.4,53.4,0.76
DH-036,53.4,58.4,0.59
DH-036,58.4,61.5,0.99
DH-037,0,5,2.22
DH-037,5,10,3.43
DH-037,10,12.9,2.5
DH-038,0,5,0.44
DH-038,10.65,15.65,0.31
DH-038,15.65,18.95,0.2
DH-039,0,5,0.68
DH-039,5,7.65,0.74
DH-039,15.3,20.3,0.52
DH-039,26.15,31.15,0.25
DH-039,31.15,34.05,0.37
DH-040,0,3.35,0.46
DH-040,28.6,32.2,0.88
DH-040,40.9,45.9,1.34
DH-040,45.9,50.9,0.84
DH-040,50.9,55.9,1.42
DH-041,0,5,1.05
DH-041,17.65,22.65,0.39
DH-041,22.65,25.45,0.24
DH-041,34.25,39.15,0.4
DH-041,70.3,74.7,0.56
DH-042,0,5,1.05
DH-042,5,8.75,1.36
DH-042,14.1,19.1,0.56
DH-042,19.1,24.1,0.66
DH-042,24.1,29.1,0.62
DH-042,33.3,35.85,0.32
DH-043,0,5,0.55
DH-043,5,10,0.75
DH-043,10,12.95,0.28
DH-043,17.95,22.95,0.5
DH-043,22.95,27.95,0.69
DH-043,27.95,32.95,0.55
DH-043,40.25,45.25,0.99
DH-043,45.25,48.85,0.96
DH-044,0,2.7,0.75
DH-044,80.55,84.35,0.28
DH-044,88.6,91.3,0.47
DH-045,0,2.9,0.44
DH-045,7.55,10.35,0.42
DH-046,0,5,1.82
DH-046,5,10,1.47
DH-046,10,15,0.78
DH-046,22.3,25.55,0.34
DH-047,0,2.7,0.7
DH-047,22.15,27.15,1.41
DH-047,27.15,31.4,0.98
DH-047,33.75,38.75,0.6
DH-047,38.75,41.7,0.4
DH-047,51.7,56.05,0.71
DH-047,67.1,72.1,0.65
DH-047,72.1,77.1,1.08
DH-048,0,5,0.74
DH-048,5,10,0.88
DH-048,10,15,1.62
DH-048,15,20,1.34
DH-048,20,25,3.32
DH-048,25,30,0.46
DH-049,0,5,0.47
DH-049,8.8,13.8,0.53
DH-049,13.8,18.8,0.52
DH-049,39.85,44.85,0.44
DH-049,50.6,55.6,0.28
DH-049,55.6,59.85,0.31
DH-049,63.35,68.35,0.63
DH-049,78.2,80.8,0.96
DH-050,0,4.2,0.66
DH-050,17.45,22.45,0.53
DH-050,74.4,79.4,0.32
DH-050,88.15,93.15,1.34
DH-050,93.15,98.15,1.28
DH-050,98.15,103.15,1.51
DH-050,103.15,108.15,1.42
DH-050,108.15,111.1,0.7
DH-051,0,5,0.82
DH-052,0,5,1.1
DH-052,5,8.8,0.22
DH-052,14.55,17.65,0.3
DH-052,26.5,31.5,1.1
DH-052,31.5,35.8,0.6
DH-053,0,5,0.92
DH-053,5,10,0.84
DH-053,10,15,0.83
DH-053,17.15,22.15,0.7
DH-053,22.15,27.15,0.71
DH-053,27.15,32.15,0.63
DH-053,32.15,37.15,0.61
DH-053,37.15,42.15,0.7
DH-053,66.85,70.7,1.29
DH-054,0,5,0.66
DH-054,8.8,13.8,0.78
DH-054,13.8,18.65,0.66
DH-054,50.05,55.05,0.9
DH-054,55.05,60.05,1.24
DH-054,60.05,64.35,0.98
DH-054,71.05,76.05,1.05
DH-054,79.25,83.65,1.04
DH-054,99.7,104.7,1.23
DH-055,0,5,0.5
DH-055,5,10,0.73
DH-055,10,12.7,0.33
DH-055,21.25,26.25,0.82
DH-055,26.25,31.25,0.99
DH-055,31.25,36.25,0.9
DH-055,36.25,41.25,0.88
DH-055,41.25,46.25,0.97
DH-055,46.25,51.25,0.87
DH-055,51.25,53.8,0.98
DH-055,58.4,61.35,0.87
DH-055,66.95,71.95,0.76
DH-055,106.05,109.9,0.52
DH-056,0,5,0.37
DH-056,5,7.5,0.56
DH-056,14.15,17.9,0.55
DH-056,52.9,57.9,0.85
DH-056,57.9,62.9,1.16
DH-056,62.9,67.9,1.09
DH-056,67.9,72.9,1.23
DH-056,77.35,82.35,1.14
DH-056,82.35,87.35,1.2
DH-056,87.35,92.35,1.05
DH-056,92.35,97.35,0.87
DH-057,0,5,0.57
DH-057,5,10,0.63
DH-057,50.9,55.4,0.4
DH-057,57.7,62.7,0.45
DH-057,62.7,66.85,0.49
DH-057,89,94,0.67
DH-057,94,99,0.49
DH-057,99,104,0.73
DH-057,104,109,0.92
DH-057,109,114,1.06
DH-058,0,4.8,0.86
DH-058,82.45,87.45,2.37
DH-058,87.45,91.9,2.7
DH-058,95.6,100.6,1.56
DH-058,100.6,105.6,3.02
DH-058,105.6,110.6,2.21
DH-058,116.7,120.1,1.71
DH-059,0,5,0.78
DH-059,28.6,33.6,1.52
DH-059,36.65,41.65,2.34
DH-059,50.95,55.95,0.78
DH-059,66.15,71.15,1.84
DH-059,86.9,91.9,0.94
DH-059,91.9,96.9,0.88
DH-059,96.9,99.55,0.62
DH-060,0,5,0.55
DH-060,5,8.8,0.7
DH-060,19.6,24.6,0.59
DH-061,0,5,0.9
DH-061,5,9.55,0.6
DH-061,12.2,17.2,1
DH-061,34.55,39.55,1.07
DH-061,39.55,44.55,1.03
DH-061,44.55,49.55,1.16
DH-061,49.55,54.55,1.46
DH-061,54.55,59.55,1.1
DH-061,59.55,64.55,0.93
DH-061,64.55,68.1,0.9
DH-062,0,5,0.31
DH-062,13.9,17.5,0.67
DH-062,22.05,27.05,1.42
DH-062,27.05,31.85,1.23
DH-062,43.85,48.3,1.75
DH-062,59.5,64.5,0.4
DH-062,64.5,69.5,0.55
DH-063,0,5,0.48
DH-063,5,8,0.45
DH-063,16.25,21.25,0.3
DH-063,21.25,25.7,0.2
DH-063,45.8,50.8,0.53
DH-063,50.8,55.8,0.57
DH-063,55.8,60.8,0.65
DH-063,67.4,72.4,1.13
DH-063,72.4,77.4,1.31
DH-063,77.4,81.1,0.72
DH-063,83.9,88.9,0.55
DH-063,88.9,93.9,0.65
DH-063,93.9,98.9,1.06
DH-063,98.9,103.9,1.2
DH-064,0,5,0.31
DH-064,33.85,38.85,2.05
DH-064,38.85,43.85,2
DH-064,82.95,87.95,0.49
DH-065,0,5,0.46
DH-065,10,15,0.82
DH-066,0,5,1.11
DH-066,14.85,19.85,1.29
DH-066,19.85,24.85,1.38
DH-066,24.85,29.85,1.39
DH-066,29.85,33.75,1.37
DH-067,0,5,1.28
DH-067,38.5,43.5,1.59
DH-067,43.5,48.5,1.51
DH-067,48.5,53.5,2.18
DH-067,53.5,58.5,1.76
DH-067,58.5,63.5,1.37
DH-067,63.5,68.5,1.51
DH-067,68.5,73.5,1.28
DH-067,73.5,78.5,0.88
DH-067,78.5,83.5,0.96
DH-067,83.5,88.5,0.91
DH-067,88.5,93.5,1.17
DH-067,93.5,98.5,1.51
DH-067,98.5,103.5,1.6
DH-067,103.5,106.05,1.31
DH-068,0,5,0.61
DH-068,5,10,0.83
DH-068,10,15,0.63
DH-068,26.85,31.85,1.07
DH-068,31.85,34.9,0.8
DH-068,45.7,50.7,1.87
DH-068,50.7,55.7,2.24
DH-069,0,5,1.97
DH-069,5,10,2.72
DH-069,10,15,1.91
DH-069,23.45,27.95,0.85
DH-069,37.4,42.4,0.68
DH-069,67.35,72.35,1.16
DH-069,72.35,77.35,1.15
DH-069,77.35,82.35,1.26
DH-069,82.35,87.35,1.29
DH-069,87.35,92.35,1.14
DH-069,92.35,97.35,1.25
DH-069,97.35,102.35,1.28
DH-069,102.35,107.35,1.18
DH-069,110.15,114.7,0.9
DH-070,0,5,0.86
DH-070,5,10,1.23
DH-070,23.4,27.65,0.65
DH-070,31.35,36.35,1.15
DH-070,36.35,41.35,2.2
DH-070,41.35,46.35,1.9
DH-070,46.35,51.35,1.75
DH-070,51.35,56.35,1.3
DH-070,56.35,61.35,0.77
DH-071,0,5,0.4
DH-071,5,10,0.62
DH-071,10,15,0.48
DH-071,15,20,0.58
DH-071,20,25,0.66
DH-071,25,30,0.59
DH-071,37.4,42.4,0.51
DH-072,0,5,0.42
DH-072,5,9.3,0.38
DH-072,11.7,14.6,0.3
DH-072,36.85,41.85,0.43
DH-072,41.85,46.85,0.47
DH-073,0,5,0.59
DH-075,0,2.75,0.67
DH-076,0,5,0.78
DH-076,5,10,0.72
DH-076,10,15,0.78
DH-076,15,20,0.7
DH-076,20,25,0.77
DH-076,25,30,0.73
DH-076,30,35,0.91
DH-076,35,40,0.93
DH-076,40,45,1.06
DH-076,45,50,1.02
DH-076,50,55,1.23
DH-076,55,60,1.75
DH-076,60,65,1.3
DH-076,68.3,73.3,2.14
DH-076,78.05,83.05,1.2
DH-076,94.8,99.8,1.13
DH-076,99.8,104.8,1.27
DH-077,0,5,0.36
DH-077,5,10,0.29
DH-077,10,15,0.64
DH-077,15,19.9,0.65
DH-077,27.6,32.6,0.79
DH-077,32.6,37.6,0.76
DH-077,45.2,49.5,0.49
DH-077,53.2,58.2,0.66
DH-077,58.2,63.2,0.64
DH-077,63.2,68.2,0.6
DH-077,78,83,0.41
DH-077,83,88,0.53
DH-077,88,93,0.51
DH-077,93,98,0.82
DH-077,98,103,0.71
DH-078,0,5,0.63
DH-078,5,10,0.54
DH-078,10,15,0.56
DH-078,15,19.3,0.58
DH-078,25.25,28.85,0.67
DH-078,31.85,36.85,0.64
DH-078,36.85,41.85,0.7
DH-078,41.85,46.85,0.75
DH-078,46.85,51.85,0.88
DH-078,51.85,56.85,0.94
DH-078,56.85,61.4,0.79
DH-078,67.85,72.85,0.73
DH-078,72.85,77.85,0.9
DH-078,77.85,82.85,0.86
DH-078,82.85,87.85,0.73
DH-078,87.85,92.85,0.71
DH-078,92.85,95.85,0.83
DH-079,0,4.05,0.38
DH-079,6.9,11.9,0.41
DH-079,11.9,16.9,0.55
DH-079,16.9,21.9,0.8
DH-079,34,38.3,0.88
DH-080,0,5,1.82
DH-080,5,7.6,0.89
DH-080,14.6,19.6,1.26
DH-080,19.6,24.6,0.68
DH-080,24.6,29.6,0.55
DH-080,29.6,34.6,0.48
DH-080,34.6,37.9,0.77
DH-080,44.35,49.35,0.46
DH-080,49.35,54.35,1.38
DH-081,0,5,0.69
DH-081,5,10,0.77
DH-081,10,15,0.42
DH-081,15,20,0.39
DH-081,20,25,0.45
DH-081,25,30,0.54
DH-081,30,35,0.52
DH-081,35,40,1.02
DH-081,40,45,0.89
DH-082,0,5,1.52
DH-082,5,10,0.69
DH-082,10,15,0.61
DH-082,15,18.1,0.47
DH-082,20.95,25.5,0.57
DH-082,28.8,32,0.5
DH-083,0,4.2,0.6
DH-083,7.45,12.45,0.38
DH-083,12.45,15.8,0.39
DH-083,19.5,22.5,0.49
DH-083,27.95,32.95,0.54
DH-083,32.95,37.95,0.51
DH-083,37.95,42.95,0.63
DH-083,61.8,66.8,0.98
DH-084,0,4.3,0.72
DH-084,12.65,15.15,0.66
DH-084,18.55,23.55,0.48
DH-084,36.1,41.1,0.45
DH-084,41.1,46.1,0.75
DH-084,46.1,51.1,0.75
DH-084,51.1,56.1,0.5
DH-084,56.1,58.95,0.45
DH-084,64.5,69.5,0.79
DH-084,69.5,74.1,0.57
DH-085,0,5,0.81
DH-085,5,8.45,0.64
DH-085,37.7,42.7,0.64
DH-085,42.7,47.7,0.89
DH-085,47.7,52.7,1
DH-085,52.7,57.7,0.57
DH-085,57.7,61.1,0.46
DH-086,0,5,0.37
DH-086,5,10,0.55
DH-086,13.5,18.5,0.58
DH-086,18.5,23.5,0.71
DH-086,32.4,35,0.51
DH-086,40.2,44.15,0.72
DH-086,61.3,66.3,0.81
DH-086,66.3,69.9,0.9
DH-086,73.3,78.3,1.61
DH-086,78.3,83.3,2.24
DH-087,0,3.8,0.57
DH-087,13.85,18.85,0.54
DH-087,18.85,22.95,0.55
DH-087,37.15,42.15,0.61
DH-087,42.15,47.15,0.58
DH-087,47.15,52.15,0.76
DH-087,52.15,55.05,0.69
DH-087,60.3,64.35,0.85
DH-087,83.3,88.3,0.82
DH-087,88.3,93.3,1.93
DH-087,93.3,98.3,2.95
DH-088,0,4,0.89
DH-088,6.15,11.15,1.34
DH-088,15,17.85,0.59
DH-088,23.85,28.85,0.42
DH-088,28.85,33.85,0.51
DH-088,38.25,43.25,0.6
DH-088,54.85,59.85,0.76
DH-088,59.85,64.85,1.01
DH-089,0,4,0.42
DH-089,7.6,12.6,0.6
DH-090,0,5,1.51
DH-090,5,10,2.12
DH-090,10,13.5,1.06
DH-091,0,5,0.39
DH-091,5,10,0.42
DH-091,10,15,0.49
DH-091,15,20,0.54
DH-091,26.4,31.4,0.41
DH-091,35.85,40.85,0.77
DH-091,56.85,61.85,0.61
DH-091,61.85,66.85,0.9
DH-091,73.75,78.75,1.74
DH-092,0,4.2,0.44
DH-092,13.6,18.6,0.93
DH-092,25,30,0.91
DH-092,30,33.6,0.51
DH-092,36.1,40.25,0.42
DH-092,43.45,48.45,0.48
DH-092,48.45,53.45,0.7
DH-092,53.45,58.45,0.49
DH-092,58.45,63.45,0.35
DH-092,63.45,68.45,0.58
DH-092,68.45,73.45,0.5
DH-092,73.45,78.45,0.51
DH-092,78.45,83.45,0.52
DH-092,83.45,88.45,0.48
DH-092,109.85,114.85,0.97
DH-092,114.85,118.2,1.45
DH-093,0,5,0.59
DH-093,5,10,0.49
DH-093,10,15,0.6
DH-093,15,20,0.54
DH-094,0,2.6,0.66
DH-094,60.3,62.8,0.7
DH-094,87.8,92.8,0.59
DH-094,92.8,96.75,0.51
DH-095,0,5,0.45
DH-095,5,10,0.51
DH-095,10,15,0.66
DH-095,17.7,22.7,0.55
DH-095,27.05,32.05,0.55
DH-095,32.05,37.05,0.44
DH-095,54.45,58.75,0.74
DH-095,69.5,73.75,2.65
DH-095,76.3,81.3,2.72
DH-096,0,5,0.35
DH-096,5,10,0.61
DH-096,10,15,0.41
DH-096,15,20,0.4
DH-096,20,25,0.46
DH-096,25,28.05,0.33
DH-096,55.45,60.45,0.81
DH-096,60.45,65.45,1.4
DH-096,68.4,73.4,2.39
DH-096,73.4,78.4,2.55
DH-096,78.4,83.4,1.86
DH-096,83.4,88.4,0.66
DH-097,0,5,0.51
DH-097,5,10,0.58
DH-097,10,15,0.71
DH-097,26.7,31.7,0.61
DH-097,48.85,53.85,0.98
DH-097,53.85,58.85,1.44
DH-098,0,5,0.72
DH-098,15.9,20.9,1.17
DH-098,20.9,25.9,1.21
DH-098,25.9,30.9,0.57
DH-098,30.9,34,0.49
DH-098,36.35,41.2,0.59
DH-098,54.35,59.35,0.34
DH-098,59.35,62.65,0.76
DH-098,75.4,80.4,1.74
DH-099,0,5,0.4
DH-099,5,8.4,0.37
DH-099,11.4,13.9,0.41
DH-099,35,40,1.85
DH-099,40,45,0.95
DH-099,61.45,65.5,0.82
DH-099,79.1,83.65,0.61
DH-100,0,5,0.52
DH-100,5,10,0.58
DH-100,53.2,56.3,1.47
DH-100,105.75,110.75,1.23
DH-101,0,5,0.61
DH-101,5,8.5,0.44
DH-101,16.6,21.6,0.45
DH-101,21.6,26.6,0.59
DH-101,33.15,38.15,1.37
DH-101,38.15,43.15,1.01
DH-101,43.15,48.15,1.32
DH-101,48.15,53,1.34
DH-102,0,4.2,0.3
DH-102,6.5,9.15,0.36
DH-102,14.6,19.6,0.67
DH-102,19.6,24.15,0.57
DH-103,0,5,0.6
DH-103,15.35,20.35,0.72
DH-104,0,4.15,0.45
DH-105,0,4.5,0.56
DH-105,10.9,14.65,0.96
DH-105,19.75,24.75,0.69
DH-105,24.75,28.4,0.83
DH-105,33.35,38.35,0.63
DH-105,38.35,43.35,0.54
DH-105,47.9,51,0.66
DH-105,63.8,66.9,0.62
DH-105,80.05,85.05,0.68
DH-106,0,5,1.14
DH-106,5,10,1.15
DH-106,10,15,1.56
DH-106,15,20,0.74
DH-106,20,25,0.89
DH-106,25,29,0.59
DH-106,33.8,38.8,0.63
DH-106,49.5,54.5,0.89
DH-106,54.5,59.5,0.63
DH-106,64.75,68.85,0.6
DH-106,72.6,75.8,0.61
DH-106,79.6,84.5,0.67
DH-107,0,5,0.63
DH-107,5,10,0.77
DH-107,10,15,0.82
DH-107,15,20,0.96
DH-107,20,25,0.64
DH-107,25,30,0.67
DH-107,30,35,0.59
DH-107,35,40,0.56
DH-107,40,45,1.06
DH-107,45,50,1
DH-107,50,55,1.67
DH-107,55,60,1.21
DH-107,60,65,1.13
DH-107,65,68.25,1.05
DH-107,70.45,75.45,0.97
DH-107,75.45,80.45,1.13
DH-107,80.45,85.45,1.14
DH-107,85.45,90.45,0.99
DH-107,90.45,95.45,0.83
DH-107,95.45,100.45,0.86
DH-107,100.45,105.45,0.88
DH-107,105.45,110.45,1.1
DH-107,110.45,115.45,0.87
DH-107,122.65,127.65,0.65
DH-107,131.3,136.3,1.03
DH-107,136.3,141.3,0.99
DH-107,141.3,146.3,1.18
DH-108,0,5,0.55
DH-108,5,10,0.52
DH-108,10,15,0.52
DH-108,15,20,0.65
DH-108,20,25,0.58
DH-108,25,30,0.57
DH-108,30,35,0.44
DH-108,35,40,0.8
DH-108,40,45,0.68
DH-108,45,50,0.44
DH-108,50,55,0.56
DH-108,55,60,0.6
DH-108,60,65,0.84
DH-108,65,68.45,1.21
DH-108,73.75,78.75,0.63
DH-108,78.75,83.75,0.75
DH-108,83.75,88.75,0.64
DH-108,88.75,93.75,0.8
DH-108,93.75,98.75,0.73
DH-108,105.95,110.95,0.52
DH-108,115,119.45,1.16
DH-108,123.1,128.1,0.92
DH-108,128.1,133.1,0.73
DH-108,133.1,138.1,0.66
DH-108,138.1,141.65,0.61
DH-108,147.65,152.15,1.26
DH-109,0,5,0.54
DH-109,24.75,29.75,0.53
DH-109,29.75,34.75,0.5
DH-109,34.75,39.75,0.76
DH-109,39.75,44.75,1.11
DH-109,44.75,49.75,1.32
DH-109,49.75,54.75,0.47
DH-109,54.75,59.75,0.38
DH-109,59.75,64.75,0.55
DH-109,64.75,69.75,0.78
DH-109,69.75,74.75,0.64
DH-109,74.75,79.75,0.72
DH-109,79.75,84.75,0.83
DH-109,84.75,89.75,0.41
DH-109,89.75,94.75,0.46
DH-109,94.75,99.75,0.39
DH-109,109.45,112.2,0.38
DH-109,114.95,119.95,0.59
DH-109,119.95,124.95,0.67
DH-110,0,5,0.75
DH-110,5,10,0.68
DH-110,10,13.55,0.76
DH-110,15.65,20.65,0.4
DH-110,20.65,23.5,0.39
DH-110,50.95,55.95,0.39
DH-110,55.95,60.95,0.42
DH-110,73.45,78.45,1.05
DH-110,78.45,83.45,1.1
DH-110,83.45,88.45,0.64
DH-110,88.45,93.45,0.94
DH-110,93.45,98.45,1.03
DH-110,98.45,103.45,0.76
DH-110,103.45,108.45,0.8
DH-110,108.45,113.45,0.79
DH-110,113.45,118.45,0.69
DH-110,118.45,123.45,0.63
DH-110,123.45,128.45,0.61
DH-110,128.45,133.45,0.61
DH-110,133.45,138.45,0.6
DH-110,138.45,143.45,0.57
DH-110,143.45,148.45,0.75
DH-110,148.45,153.45,0.64
DH-111,0,4.15,0.79
DH-111,12.25,17.25,0.41
DH-111,17.25,22.25,0.37
DH-111,22.25,25.95,0.47
DH-111,31.7,35.95,0.64
DH-111,38.45,43.45,0.68
DH-111,43.45,48.45,0.97
DH-111,48.45,53.45,1.1
DH-111,53.45,58.45,1.06
DH-111,58.45,63.45,1.02
DH-111,63.45,68.45,0.8
DH-111,68.45,73.45,0.74
DH-111,73.45,76.15,0.64
DH-111,83.65,88.6,0.49
DH-111,93.55,98.55,0.71
DH-111,98.55,103.05,0.63
DH-111,114.75,119.75,0.93
DH-112,0,5,0.88
DH-112,5,10,0.62
DH-112,10,15,0.63
DH-112,15,20,0.51
DH-112,20,25,0.57
DH-112,25,30,0.32
DH-112,30,35,0.41
DH-112,35,40,0.45
DH-112,40,45,0.44
DH-112,45,50,0.65
DH-112,50,55,1.04
DH-112,55,60,0.92
DH-112,60,65,0.8
DH-112,65,70,0.66
DH-112,70,75,0.69
DH-112,80.25,85.25,0.57
DH-112,85.25,90,0.41
DH-112,94.6,99.6,0.93
DH-112,99.6,104.6,1.23
DH-112,104.6,109.6,1.43
DH-112,119.2,124.2,0.82
DH-112,124.2,127.55,0.81
DH-113,0,5,0.4
DH-113,5,10,0.54
DH-113,28.05,33.05,0.69
DH-113,33.05,38.05,0.58
DH-113,38.05,43.05,1.21
DH-113,43.05,48.05,0.82
DH-113,48.05,53.05,0.8
DH-113,53.05,58.05,1.01
DH-113,58.05,63.05,1.32
DH-113,66.7,71.7,1.13
DH-113,71.7,76.15,0.79
DH-113,81.5,86.5,0.59
DH-113,99.5,104.5,1.03
DH-113,104.5,109.5,0.82
DH-113,109.5,114.5,0.97
DH-113,120.4,124.4,0.84
DH-113,128.65,133.65,0.99
DH-113,133.65,138.65,1.11
DH-113,138.65,143.65,1.2
DH-113,143.65,147.35,0.67
DH-113,151.35,156.35,0.38
DH-113,156.35,159.35,0.35
DH-114,0,5,0.65
DH-114,5,10,0.71
DH-114,10,15,0.53
DH-114,15,20,0.73
DH-114,20,25,0.61
DH-114,25,28,0.67
DH-114,33.45,36.05,0.51
DH-114,39.1,44.1,1.13
DH-114,44.1,48.05,0.69
DH-114,50.25,52.85,0.87
DH-114,55.45,60.45,1.36
DH-114,60.45,65.45,1.66
DH-114,65.45,70.45,1.23
DH-114,70.45,75.45,1.02
DH-114,75.45,78.65,1.45
DH-115,0,5,0.98
DH-115,5,10,0.98
DH-115,10,15,1.07
DH-115,15,20,0.84
DH-115,20,25,0.95
DH-115,25,30,1.26
DH-115,30,35,0.74
DH-115,73.55,76.7,0.44
DH-115,83.65,88.65,0.71
DH-115,92.1,97.1,0.82
DH-115,123.45,128.45,1.39
DH-115,128.45,133.45,0.98
DH-115,138.6,143.6,0.69
DH-116,0,5,0.67
DH-116,5,10,0.93
DH-116,10,15,0.71
DH-116,15,20,0.62
DH-116,20,25,0.75
DH-116,25,30,0.91
DH-116,30,35,0.63
DH-116,35,40,0.62
DH-116,40,45,0.66
DH-116,45,50,0.71
DH-116,50,55,0.69
DH-116,55,60,0.63
DH-116,60,65,0.64
DH-116,65,70,0.62
DH-116,70,75,0.68
DH-116,75,80,1.06
DH-116,80,85,1.41
DH-116,85,90,2.04
DH-116,90,95,1.42
DH-116,95,100,1.58
DH-116,100,105,1.8
DH-116,107.05,112.05,1.36
DH-116,112.05,117.05,0.64
DH-116,117.05,122.05,0.54
DH-116,122.05,127.05,0.46
DH-116,127.05,132.05,0.63
DH-117,0,5,0.62
DH-117,5,10,0.56
DH-117,10,15,0.59
DH-117,15,20,0.91
DH-117,20,25,1
DH-117,25,30,0.86
DH-117,30,35,0.57
DH-117,35,40,0.63
DH-117,40,45,0.64
DH-117,45,50,0.92
DH-117,50,55,0.88
DH-117,55,60,0.52
DH-117,60,65,0.7
DH-117,65,70,0.79
DH-117,70,75,0.59
DH-117,75,80,0.51
DH-117,80,85,0.61
DH-117,85,90,0.73
DH-117,90,94.85,0.54
DH-117,97.6,102.6,0.6
DH-117,102.6,107.6,0.56
DH-117,107.6,112.6,0.48
DH-117,112.6,117.6,0.58
DH-117,117.6,122.6,0.73
DH-117,122.6,127.6,0.68
DH-118,0,5,0.58
DH-118,5,10,0.79
DH-118,10,15,0.6
DH-118,15,20,0.46
DH-118,23.35,28.35,0.72
DH-118,28.35,33.35,0.89
DH-118,33.35,38.35,0.77
DH-118,38.35,43.35,0.58
DH-118,43.35,48.35,0.75
DH-118,48.35,53.35,0.73
DH-118,53.35,58.35,0.91
DH-118,58.35,63.35,0.71
DH-118,63.35,68.35,1.13
DH-118,68.35,73.35,1.19
DH-118,78.6,83.6,0.97
DH-118,83.6,88.6,1.09
DH-118,88.6,93.6,0.85
DH-118,93.6,98.6,0.99
DH-118,98.6,103.6,1.12
DH-118,103.6,108.6,1.19
DH-118,108.6,113.6,1.22
DH-118,113.6,118.6,0.91
DH-118,118.6,123.6,1.01
DH-118,123.6,128.6,1.16
DH-118,128.6,131.7,0.97
DH-119,0,5,0.62
DH-119,5,8.7,0.62
DH-119,20.3,25.3,0.63
DH-119,25.3,28.3,0.45
DH-119,31.25,36.25,0.68
DH-119,36.25,41.25,0.56
DH-119,41.25,44.4,0.52
DH-119,47.7,52.7,0.43
DH-119,52.7,57.7,0.52
DH-119,57.7,62.3,0.4
DH-119,76.1,81.1,0.71
DH-119,88.2,91.4,1.04
DH-119,96.6,101.6,0.74
DH-119,101.6,106.6,0.7
DH-119,106.6,111.6,0.81
DH-119,111.6,116.2,0.86
DH-119,126.1,131.1,0.43
DH-119,131.1,136.1,0.57
DH-120,0,3.25,1
DH-120,47.05,49.8,2.44
DH-120,66.75,71,0.85
DH-121,0,5,0.55
DH-121,5,10,0.62
DH-121,10,15,0.6
DH-121,15,20,0.66
DH-121,20,25,0.79
DH-121,25,30,0.72
DH-121,30,35,0.5
DH-121,35,40,0.92
DH-121,40,45,0.95
DH-121,45,50,0.65
DH-121,50,55,0.66
DH-121,55,60,0.73
DH-121,60,65,0.7
DH-121,65,70,0.62
DH-121,70,75,0.56
DH-121,75,80,0.36
DH-121,88.1,93.1,0.63
DH-121,93.1,98.1,0.48
DH-121,98.1,103.1,0.61
DH-121,103.1,108.1,0.7
DH-121,108.1,113.1,0.68
DH-121,113.1,118.1,0.55
DH-121,118.1,123.1,0.68
DH-121,123.1,128.1,0.81
DH-121,128.1,133.1,0.92
DH-121,133.1,138.1,1.19
DH-121,138.1,143.1,0.98
DH-121,143.1,148.1,0.95
DH-121,148.1,150.8,0.76
DH-122,0,5,0.57
DH-122,5,10,0.8
DH-122,10,15,0.66
DH-122,15,20,0.95
DH-122,20,25,0.89
DH-122,25,30,0.9
DH-122,30,35,0.68
DH-122,35,40,1.07
DH-122,40,45,0.93
DH-122,45,50,0.99
DH-122,50,55,1.11
DH-122,55,60,1.03
DH-122,60,65,1.24
DH-122,65,70,1.3
DH-122,70,75,1.25
DH-122,75,80,1.35
DH-122,80,85,1.3
DH-122,85,90,1.05
DH-122,90,95,1.12
DH-122,95,100,1.16
DH-122,100,103.3,0.8
DH-122,105.65,110.65,1.2
DH-122,110.65,115.65,1.18
DH-122,130.45,135.45,0.87
DH-122,135.45,140.45,0.55
DH-122,140.45,145.45,0.72
DH-122,150.4,153.7,0.62
DH-123,0,5,0.7
DH-123,13,18,0.6
DH-123,34.85,39.85,0.72
DH-123,39.85,44.85,2.06
DH-123,44.85,49.85,2.28
DH-123,49.85,54.85,1.9
DH-123,54.85,59.85,1.37
DH-123,59.85,64.85,1.55
DH-123,64.85,69.85,1.27
DH-123,69.85,74.85,2.11
DH-123,74.85,79.85,1.98
DH-123,79.85,84.85,2.08
DH-123,84.85,89.85,1.74
DH-123,89.85,94.85,0.81
DH-123,108.4,112.85,0.56
DH-124,0,5,0.87
DH-124,5,10,1.01
DH-124,10,15,1.37
DH-124,15,18.3,1.21
DH-124,61.7,66.7,0.69
DH-124,66.7,71.7,2.23
DH-124,71.7,76.7,1.55
DH-124,76.7,81.7,0.94
DH-124,81.7,86.7,0.62
DH-124,86.7,91.7,0.6
DH-124,91.7,96.7,0.83
DH-124,96.7,101.7,0.75
DH-124,101.7,105,0.52
DH-124,121.9,126.3,0.57
DH-125,0,5,2.2
DH-125,11.9,16.9,0.57
DH-125,16.9,21.9,0.64
DH-125,33.85,37.75,1.15
DH-125,44.2,49.2,1.38
DH-125,49.2,54.2,1.68
DH-125,54.2,58.45,1.18
DH-125,71.9,74.45,1.03
DH-125,99,101.75,0.99
DH-125,107.55,110.95,1.2
DH-126,0,5,0.5
DH-126,42.7,47.7,0.98
DH-126,47.7,52.7,1.09
DH-126,52.7,57.55,1.24
DH-126,96.25,99.8,0.76
DH-127,0,3.2,1.66
DH-127,28.35,30.9,1.37
DH-127,35.1,39.35,0.72
DH-127,84.35,89.35,0.67
