HOLEID,AT,AZM,DIP
DH-001,0.0,152.59069,62.000876
DH-001,2.5,152.59069,62.000876
DH-001,7.025,153.000001,62.000001
DH-002,0.0,151.000001,61.000001
DH-002,2.025,151.000001,61.000001
DH-003,0.0,152.000001,58.000001
DH-003,2.5,152.000001,58.000001
DH-003,7.5,151.399999,58.000942
DH-004,0.0,153.000001,59.998373
DH-004,2.175,153.000001,59.998373
DH-004,10.7,153.907191,59.000325
DH-005,0.0,151.000001,61.950001
DH-005,2.5,151.000001,61.950001
DH-005,7.5,151.165226,62.0005
DH-006,0.0,154.000001,62.000001
DH-006,2.5,154.000001,62.000001
DH-007,0.0,172.000001,60.102099
DH-007,2.5,172.000001,60.102099
DH-007,6.34,172.000001,60.157732
DH-007,19.58,172.000001,60.42429
DH-007,23.49,172.000001,60.481982
DH-007,40.12,172.000001,60.808596
DH-007,44.81,172.000001,60.891609
DH-007,57.95,171.847397,60.851823
DH-007,62.95,171.750157,60.756591
DH-007,67.295,171.676755,60.684282
DH-007,73.85,171.53561,60.544204
DH-007,77.875,171.473074,60.481702
DH-007,91.25,171.200203,60.205791
DH-007,96.25,171.109551,60.112965
DH-008,0.0,175.000001,58.91645
DH-008,2.5,175.000001,58.91645
DH-008,6.44,175.000001,58.631281
DH-008,13.33,175.000001,57.888279
DH-008,18.33,175.000001,57.452779
DH-008,23.33,175.000001,57.053334
DH-008,28.33,175.000001,57.000001
DH-008,33.33,175.000001,57.000001
DH-008,38.33,175.000001,57.000001
DH-008,43.33,175.000001,57.000001
DH-008,48.33,175.000001,57.000001
DH-008,53.33,175.000001,57.000001
DH-008,58.33,175.000001,57.000001
DH-008,63.33,175.000001,57.000001
DH-008,67.65,175.000001,57.000001
DH-009,0.0,0.0,90.0
DH-009,2.5,0.0,90.0
DH-009,7.5,183.576334,90.000002
DH-009,12.5,180.0,90.000002
DH-009,23.08,0.0,90.0
DH-009,27.445,0.0,90.000002
DH-009,36.85,0.0,90.0
DH-010,0.0,200.0,50.000001
DH-010,1.7,200.0,50.000001
DH-010,7.8,200.0,50.000001
DH-010,23.1,200.0,50.000001
DH-010,30.7,200.0,50.000001
DH-010,34.95,200.0,50.000001
DH-010,54.05,200.0,50.000001
DH-010,63.75,200.0,50.000001
DH-011,0.0,0.0,90.0
DH-011,1.545,0.0,90.0
DH-011,7.57,0.0,90.0
DH-011,26.665,0.0,90.0
DH-011,53.435,0.0,90.0
DH-012,0.0,151.065208,58.597297
DH-012,2.5,151.065208,58.597297
DH-012,27.8,153.019468,55.669238
DH-012,32.8,153.335637,55.146844
DH-012,37.175,153.627257,54.651824
DH-012,44.07,153.97064,53.84507
DH-012,49.07,153.885015,53.386569
DH-012,56.8,153.748695,52.635547
DH-012,61.8,153.674354,52.214734
DH-012,66.8,153.590953,51.7329
DH-012,74.27,153.469295,51.011033
DH-013,0.0,150.317684,59.943774
DH-013,2.5,150.317684,59.943774
DH-014,0.0,149.462673,59.740091
DH-014,2.205,149.462673,59.740091
DH-014,37.815,148.048373,59.025263
DH-014,60.055,147.559945,57.741325
DH-014,69.16,147.377384,57.191562
DH-014,74.16,147.280094,56.891629
DH-014,79.16,147.184371,56.591671
DH-014,84.16,147.090178,56.291717
DH-014,88.86,147.008111,56.026422
DH-015,0.0,163.426552,58.783676
DH-015,2.31,163.426552,58.783676
DH-015,13.9,163.682162,58.010751
DH-015,31.5,164.000001,56.944003
DH-015,40.51,164.000001,56.73945
DH-015,45.51,164.000001,56.62958
DH-015,50.51,164.000001,56.519718
DH-015,62.825,164.000001,56.249441
DH-015,83.05,165.061757,55.415869
DH-015,88.05,165.637043,55.088062
DH-015,93.0,166.192011,54.764045
DH-016,0.0,151.752968,59.529593
DH-016,2.5,151.752968,59.529593
DH-016,7.5,152.984877,58.720876
DH-016,30.65,158.03177,54.822417
DH-016,51.675,160.000001,51.958837
DH-016,73.0,160.000001,49.824079
DH-016,78.0,160.000001,49.360926
DH-017,0.0,150.846301,59.549101
DH-017,2.5,150.846301,59.549101
DH-017,7.5,150.588274,58.763599
DH-017,12.5,150.334026,57.952707
DH-017,21.3,149.875899,56.391648
DH-017,26.3,149.661518,55.613603
DH-017,31.3,149.443529,54.789092
DH-017,35.9,149.257625,54.057994
DH-017,54.35,148.653816,51.693517
DH-017,59.35,148.526509,51.192978
DH-018,0.0,151.000001,59.649534
DH-018,2.5,151.000001,59.649534
DH-018,7.5,151.000001,59.044212
DH-018,12.5,151.000001,58.440451
DH-018,17.5,151.000001,57.841978
DH-018,22.5,151.000001,57.204922
DH-018,27.5,151.000001,56.57777
DH-018,32.5,151.000001,55.944151
DH-018,37.5,151.000001,55.324665
DH-018,42.5,150.879268,54.858602
DH-018,47.5,150.624487,54.81844
DH-018,55.1,150.250872,54.635002
DH-018,60.1,150.007291,54.513887
DH-018,65.1,149.761522,54.390453
DH-018,70.1,149.499308,54.257382
DH-019,0.0,152.214755,58.495463
DH-019,1.325,152.214755,58.495463
DH-019,12.52,153.091204,57.315714
DH-019,20.45,153.678415,56.476888
DH-019,47.95,155.269748,53.554559
DH-020,0.0,151.224952,59.929386
DH-020,2.5,151.224952,59.929386
DH-020,15.78,152.303863,59.581063
DH-020,20.78,152.685453,59.453969
DH-020,25.78,153.064103,59.325794
DH-020,30.78,153.43987,59.196539
DH-020,35.78,153.832858,59.065989
DH-020,40.58,154.000001,58.949477
DH-020,47.71,154.000001,58.742972
DH-020,52.71,154.000001,58.611471
DH-020,57.71,154.000001,58.479967
DH-020,62.47,154.000001,58.360787
DH-021,0.0,151.310824,60.241498
DH-021,2.115,151.310824,60.241498
DH-021,12.6,152.933693,61.435843
DH-021,17.6,153.746714,61.994781
DH-021,22.6,154.590575,62.549139
DH-021,31.15,156.137597,63.501979
DH-021,36.15,156.900641,63.766658
DH-021,41.15,157.000001,62.744477
DH-021,46.15,157.000001,61.534438
DH-021,51.15,157.000001,60.315983
DH-021,56.15,157.000001,59.090434
DH-021,60.06,157.000001,58.525117
DH-022,0.0,151.149395,59.859493
DH-022,2.5,151.149395,59.859493
DH-022,7.5,151.422434,59.599147
DH-022,12.5,151.690999,59.338511
DH-023,0.0,151.163129,59.775035
DH-023,2.5,151.163129,59.775035
DH-023,7.5,151.43704,59.389886
DH-023,12.5,151.704468,59.004648
DH-023,17.5,151.966128,58.618638
DH-023,21.45,152.097252,58.421734
DH-024,0.0,151.000001,59.774917
DH-024,2.5,151.000001,59.774917
DH-024,7.5,151.000001,59.379464
DH-024,12.5,151.000001,58.985253
DH-024,17.5,151.000001,58.589435
DH-024,22.0,151.000001,58.225994
DH-024,34.3,151.000001,57.214788
DH-024,39.3,151.099401,56.85795
DH-024,47.15,151.587982,56.436618
DH-024,52.15,151.857553,56.171666
DH-024,57.15,152.123095,55.906467
DH-024,69.15,152.748702,55.264693
DH-024,74.15,153.000001,55.000001
DH-024,78.75,153.000001,55.000001
DH-025,0.0,0.0,90.000002
DH-025,2.5,0.0,90.000002
DH-025,7.5,180.0,90.000002
DH-025,12.415,0.0,90.0
DH-025,29.41,0.0,90.0
DH-025,48.17,90.0,90.000002
DH-025,52.805,0.0,90.0
DH-026,0.0,151.000001,59.673101
DH-026,2.5,151.000001,59.673101
DH-026,7.5,151.000001,59.098851
DH-026,12.5,151.000001,58.526979
DH-026,17.5,151.000001,57.993874
DH-026,22.5,151.000001,57.317958
DH-026,27.5,151.000001,56.744089
DH-026,37.4,151.000001,55.565428
DH-026,50.0,150.99436,54.074687
DH-026,60.25,150.789527,52.530715
DH-026,65.0,150.693635,51.826781
DH-027,0.0,151.351617,59.811277
DH-027,2.5,151.351617,59.811277
DH-027,7.5,152.017981,59.445037
DH-027,21.0,153.755713,58.434441
DH-027,26.0,154.36774,58.058333
DH-028,0.0,151.501871,59.415374
DH-028,2.5,151.501871,59.415374
DH-028,7.5,152.269681,58.476236
DH-028,12.5,153.052553,57.459061
DH-028,17.5,153.825216,56.391371
DH-028,28.22,155.319332,54.127511
DH-028,33.22,155.913435,53.13469
DH-028,38.22,155.874803,53.00046
DH-029,0.0,151.136821,60.000964
DH-029,2.5,151.136821,60.000964
DH-029,7.5,151.399563,60.002418
DH-029,12.5,151.6623,60.003349
DH-029,17.5,151.925053,60.003759
DH-029,22.5,152.187808,60.003647
DH-029,27.5,152.450555,60.003013
DH-029,32.5,152.716593,60.001839
DH-029,37.5,152.967713,59.989856
DH-029,42.5,153.120273,59.88323
DH-029,47.5,153.2511,59.755147
DH-029,52.175,153.361414,59.646277
DH-030,0.0,0.0,90.0
DH-030,2.5,0.0,90.0
DH-030,7.5,0.0,90.0
DH-030,12.5,0.0,90.000002
DH-030,17.5,180.0,90.000002
DH-030,22.085,0.0,90.0
DH-030,32.67,0.0,90.0
DH-030,43.145,0.0,90.0
DH-031,0.0,151.290154,59.803057
DH-031,2.5,151.290154,59.803057
DH-031,7.5,151.802941,59.447624
DH-031,12.5,152.322318,59.077751
DH-031,17.5,152.830648,58.705804
DH-031,26.88,153.783181,57.981201
DH-031,31.88,154.243226,57.617789
DH-031,36.88,154.712168,57.236085
DH-031,41.88,155.224788,57.099201
DH-031,46.88,155.822105,57.358313
DH-031,51.88,156.428121,57.614663
DH-031,55.83,156.788019,57.763851
DH-031,67.325,158.355013,58.387794
DH-031,75.955,159.468881,58.806963
DH-032,0.0,208.5021,58.872785
DH-032,2.375,208.5021,58.872785
DH-032,20.63,209.28855,56.942254
DH-032,24.78,209.425949,56.582467
DH-032,33.27,209.764901,55.664014
DH-032,37.295,209.900868,55.282763
DH-032,43.45,209.739151,54.917882
DH-032,48.45,209.441116,54.822957
DH-032,57.15,208.863871,54.635732
DH-032,61.275,208.65346,54.56637
DH-033,0.0,154.690604,55.01104
DH-033,2.5,154.690604,55.01104
DH-033,7.5,154.993893,54.352343
DH-033,11.875,155.256104,53.764677
DH-034,0.0,153.465543,57.744035
DH-034,2.5,153.465543,57.744035
DH-034,6.6,153.723902,57.31276
DH-034,14.65,154.272081,56.361148
DH-035,0.0,154.024841,57.408002
DH-035,2.5,154.024841,57.408002
DH-035,7.5,154.342247,56.962041
DH-035,12.5,154.651991,56.51551
DH-035,17.175,154.933485,56.061942
DH-035,36.3,153.461115,53.902329
DH-035,41.3,153.016542,53.25026
DH-035,58.8,151.681913,51.155657
DH-036,0.0,151.638173,58.655473
DH-036,2.5,151.638173,58.655473
DH-036,7.5,151.541254,58.276587
DH-036,21.25,151.307607,57.328357
DH-036,26.25,151.212581,56.92802
DH-036,31.25,151.128044,56.564437
DH-036,50.9,151.000001,55.538083
DH-036,55.9,151.000001,55.323984
DH-036,59.95,151.000001,55.148772
DH-037,0.0,152.231846,47.375171
DH-037,2.5,152.231846,47.375171
DH-037,7.5,152.420088,46.585829
DH-037,11.45,152.543201,46.056659
DH-038,0.0,151.711726,58.937579
DH-038,2.5,151.711726,58.937579
DH-038,13.15,151.477516,58.022876
DH-038,17.3,151.40478,57.728842
DH-039,0.0,152.537971,58.789257
DH-039,2.5,152.537971,58.789257
DH-039,6.325,152.679128,58.456508
DH-039,17.8,153.168468,57.250992
DH-039,28.65,153.572955,56.189622
DH-039,32.6,153.685191,55.884054
DH-040,0.0,152.000001,59.607253
DH-040,1.675,152.000001,59.607253
DH-040,30.4,152.000001,58.445495
DH-040,43.4,151.892226,57.906791
DH-040,48.4,151.413173,57.471128
DH-040,53.4,150.987156,57.075596
DH-041,0.0,152.000001,59.193671
DH-041,2.5,152.000001,59.193671
DH-041,20.15,152.000001,57.029785
DH-041,24.05,152.000001,56.565837
DH-041,36.7,152.000001,55.105142
DH-041,72.5,151.110352,52.352806
DH-042,0.0,152.237561,59.716966
DH-042,2.5,152.237561,59.716966
DH-042,6.875,152.677992,59.178087
DH-042,16.6,153.486468,58.138602
DH-042,21.6,153.929667,57.539488
DH-042,26.6,154.339281,56.966262
DH-042,34.575,154.977034,56.040286
DH-043,0.0,147.173922,54.608358
DH-043,2.5,147.173922,54.608358
DH-043,7.5,146.589906,53.82507
DH-043,11.475,146.065604,53.093494
DH-043,20.45,146.403785,51.434043
DH-043,25.45,146.642923,50.452226
DH-043,30.45,146.870051,49.479917
DH-043,42.75,147.423204,46.937964
DH-043,47.05,147.58308,46.154361
DH-044,0.0,152.922425,57.09535
DH-044,1.35,152.922425,57.09535
DH-044,82.45,150.73601,49.661563
DH-044,89.95,151.261092,48.656392
DH-045,0.0,0.0,90.0
DH-045,1.45,0.0,90.0
DH-045,8.95,180.0,90.000002
DH-046,0.0,152.371301,58.453437
DH-046,2.5,152.371301,58.453437
DH-046,7.5,152.650261,58.030584
DH-046,12.5,152.921655,57.608773
DH-046,23.925,153.532646,56.619764
DH-047,0.0,151.579988,58.896938
DH-047,1.35,151.579988,58.896938
DH-047,24.65,150.5226,55.764527
DH-047,29.275,150.343861,55.178568
DH-047,36.25,150.073593,54.258092
DH-047,40.225,150.053011,53.708239
DH-047,53.875,150.429374,51.987913
DH-047,69.6,150.810855,50.032962
DH-047,74.6,150.920206,49.441143
DH-048,0.0,147.67151,55.063515
DH-048,2.5,147.67151,55.063515
DH-048,7.5,147.544312,54.688451
DH-048,12.5,147.419502,54.313434
DH-048,17.5,147.296956,53.938319
DH-048,22.5,147.17662,53.563161
DH-048,27.5,147.058441,53.188014
DH-049,0.0,152.91365,59.422485
DH-049,2.5,152.91365,59.422485
DH-049,11.3,153.6707,58.923558
DH-049,16.3,154.104508,58.628974
DH-049,42.35,153.808601,56.873594
DH-049,53.1,153.010819,56.072684
DH-049,57.725,152.693102,55.74269
DH-049,65.85,152.074107,55.079882
DH-049,79.5,151.367312,54.099952
DH-050,0.0,154.695187,57.198756
DH-050,2.1,154.695187,57.198756
DH-050,19.95,155.912861,54.952947
DH-050,76.9,152.686543,51.101184
DH-050,90.65,152.387039,50.207621
DH-050,95.65,152.278198,49.87417
DH-050,100.65,152.170871,49.540687
DH-050,105.65,152.065033,49.20721
DH-050,109.625,151.979381,48.933929
DH-051,0.0,154.506373,50.034616
DH-051,2.5,154.506373,50.034616
DH-052,0.0,157.459416,59.764825
DH-052,2.5,157.459416,59.764825
DH-052,6.9,158.634858,59.209333
DH-052,16.1,160.661227,58.181125
DH-052,29.0,159.942998,57.327787
DH-052,33.65,159.549968,57.069086
DH-053,0.0,152.599753,59.341681
DH-053,2.5,152.599753,59.341681
DH-053,7.5,153.083551,58.789283
DH-053,12.5,153.550929,58.236623
DH-053,19.65,154.211245,57.422319
DH-053,24.65,154.628294,56.886786
DH-053,29.65,155.049222,56.328795
DH-053,34.65,155.457721,55.769815
DH-053,39.65,155.852312,55.207411
DH-053,68.775,156.000001,51.552173
DH-054,0.0,153.101339,59.506982
DH-054,2.5,153.101339,59.506982
DH-054,11.3,154.450223,58.869803
DH-054,16.225,155.18921,58.504366
DH-054,52.55,157.129043,56.158378
DH-054,57.55,156.872049,55.901576
DH-054,62.2,156.65079,55.67729
DH-054,73.55,156.082194,55.08621
DH-054,81.45,156.000001,54.728112
DH-054,102.2,156.000001,53.696575
DH-055,0.0,152.839914,59.069913
DH-055,2.5,152.839914,59.069913
DH-055,7.5,153.229855,58.618333
DH-055,11.35,153.58791,58.192072
DH-055,23.75,154.444558,57.124805
DH-055,28.75,154.78084,56.686633
DH-055,33.75,155.122475,56.229844
DH-055,38.75,155.455847,55.77242
DH-055,43.75,155.78448,55.314742
DH-055,48.75,156.038666,54.827116
DH-055,52.525,156.105254,54.525831
DH-055,59.875,156.277461,53.72536
DH-055,69.45,156.478389,52.750899
DH-055,107.975,156.510114,48.058275
DH-056,0.0,154.153562,57.59445
DH-056,2.5,154.153562,57.59445
DH-056,6.25,154.331292,57.471687
DH-056,16.025,154.997491,56.997267
DH-056,55.4,151.474108,52.666575
DH-056,60.4,151.052156,52.070136
DH-056,65.4,151.388076,51.564036
DH-056,70.4,151.817598,51.070038
DH-056,79.85,152.594515,50.144801
DH-056,84.85,153.010488,49.632032
DH-056,89.85,153.407093,49.131453
DH-056,94.85,153.795669,48.629662
DH-057,0.0,153.480756,56.436974
DH-057,2.5,153.480756,56.436974
DH-057,7.5,153.641083,56.00473
DH-057,53.15,152.06427,53.12202
DH-057,60.2,151.684467,52.729265
DH-057,64.775,151.433701,52.465334
DH-057,91.5,152.590798,49.46205
DH-057,96.5,152.982146,48.790669
DH-057,101.5,153.37865,48.090224
DH-057,106.5,153.764377,47.388656
DH-057,111.5,154.150357,46.666091
DH-058,0.0,153.562022,57.5771
DH-058,2.4,153.562022,57.5771
DH-058,84.95,154.980315,51.924238
DH-058,89.675,154.896872,51.530608
DH-058,98.1,154.732441,50.761468
DH-058,103.1,154.644671,50.340183
DH-058,108.1,154.552778,49.890882
DH-058,118.4,154.371281,48.978028
DH-059,0.0,270.0,90.000002
DH-059,2.5,270.0,90.000002
DH-059,31.1,180.0,90.000002
DH-059,39.15,7.125016,90.000002
DH-059,53.45,0.0,90.0
DH-059,68.65,0.0,90.0
DH-059,89.4,183.576334,90.000002
DH-059,94.4,0.0,90.000002
DH-059,98.225,0.0,90.0
DH-060,0.0,152.449151,58.716715
DH-060,2.5,152.449151,58.716715
DH-060,6.9,152.573816,58.342577
DH-060,22.1,152.980495,57.027952
DH-061,0.0,152.288997,59.000793
DH-061,2.5,152.288997,59.000793
DH-061,7.275,152.386861,59.000915
DH-061,14.7,152.536922,59.000959
DH-061,37.05,152.971696,59.000107
DH-061,42.05,153.284376,58.663952
DH-061,47.05,153.653823,58.205544
DH-061,52.05,154.004207,57.76321
DH-061,57.05,154.346223,57.319781
DH-061,62.05,154.68012,56.875386
DH-061,66.325,154.975717,56.472187
DH-062,0.0,151.450095,59.476008
DH-062,2.5,151.450095,59.476008
DH-062,15.7,150.95506,58.987938
DH-062,24.55,150.645385,58.674437
DH-062,29.45,150.476722,58.500968
DH-062,46.075,149.932328,57.647957
DH-062,62.0,149.618169,55.919022
DH-062,67.0,149.527946,55.391938
DH-063,0.0,152.698615,59.560783
DH-063,2.5,152.698615,59.560783
DH-063,6.5,152.993693,59.370624
DH-063,18.75,153.906952,58.763928
DH-063,23.475,154.254054,58.525916
DH-063,48.3,154.247015,57.275816
DH-063,53.3,153.995608,57.026476
DH-063,58.3,153.747166,56.776245
DH-063,69.9,153.210959,56.222845
DH-063,74.9,152.96298,55.912916
DH-063,79.25,152.858692,55.480616
DH-063,86.4,152.694287,54.858401
DH-063,91.4,152.584597,54.43217
DH-063,96.4,152.472662,53.987772
DH-063,101.4,152.360638,53.533207
DH-064,0.0,152.000001,57.041602
DH-064,2.5,152.000001,57.041602
DH-064,36.35,151.935662,54.911849
DH-064,41.35,151.727538,54.617668
DH-064,85.45,150.063028,51.943523
DH-065,0.0,152.627255,55.919244
DH-065,2.5,152.627255,55.919244
DH-065,12.5,152.812579,54.520049
DH-066,0.0,152.000001,57.473611
DH-066,2.5,152.000001,57.473611
DH-066,17.35,152.000001,56.387349
DH-066,22.35,152.000001,56.017548
DH-066,27.35,152.000001,55.630553
DH-066,31.8,152.000001,55.31996
DH-067,0.0,151.934011,59.875255
DH-067,2.5,151.934011,59.875255
DH-067,41.0,151.034447,57.92401
DH-067,46.0,151.160488,57.550327
DH-067,51.0,151.291127,57.175744
DH-067,56.0,151.419175,56.800939
DH-067,61.0,151.544699,56.425968
DH-067,66.0,151.667769,56.050885
DH-067,71.0,151.788447,55.675742
DH-067,76.0,151.906799,55.300595
DH-067,81.0,152.155595,54.870862
DH-067,86.0,152.827151,54.26284
DH-067,91.0,153.492183,53.646157
DH-067,96.0,154.13854,53.025358
DH-067,101.0,154.766738,52.40092
DH-067,104.775,155.246436,51.909584
DH-068,0.0,151.070269,57.228379
DH-068,2.5,151.070269,57.228379
DH-068,7.5,150.97108,56.919161
DH-068,12.5,150.86645,56.625645
DH-068,29.35,150.51224,55.594819
DH-068,33.375,150.43716,55.368975
DH-068,48.2,150.156995,54.502483
DH-068,53.2,150.055027,54.177539
DH-069,0.0,151.774271,57.318387
DH-069,2.5,151.774271,57.318387
DH-069,7.5,152.361965,56.780292
DH-069,12.5,152.943644,56.22926
DH-069,25.7,154.439863,54.722018
DH-069,39.9,155.891216,53.108531
DH-069,69.85,153.651247,51.303166
DH-069,74.85,153.262525,51.004934
DH-069,79.85,152.874401,50.701982
DH-069,84.85,152.491409,50.39787
DH-069,89.85,152.082332,50.067269
DH-069,94.85,152.000001,50.000001
DH-069,99.85,152.000001,50.000001
DH-069,104.85,152.000001,50.000001
DH-069,112.425,152.000001,50.000001
DH-070,0.0,180.0,90.000002
DH-070,2.5,180.0,90.000002
DH-070,7.5,0.0,90.000002
DH-070,25.525,0.0,90.000002
DH-070,33.85,0.0,90.0
DH-070,38.85,0.0,90.0
DH-070,43.85,0.0,90.0
DH-070,48.85,0.0,90.0
DH-070,53.85,0.0,90.0
DH-070,58.85,90.0,90.000002
DH-071,0.0,152.000001,59.064242
DH-071,2.5,152.000001,59.064242
DH-071,7.5,152.000001,58.608696
DH-071,12.5,152.000001,58.154287
DH-071,17.5,152.000001,57.699762
DH-071,22.5,152.000001,57.245605
DH-071,27.5,152.000001,56.738821
DH-071,39.9,152.000001,55.653103
DH-072,0.0,152.294211,58.91499
DH-072,2.5,152.294211,58.91499
DH-072,7.15,152.411301,58.463101
DH-072,13.15,152.565172,57.850907
DH-072,39.35,152.373203,55.23232
DH-072,44.35,151.943229,54.686057
DH-073,0.0,0.0,90.000002
DH-073,2.5,0.0,90.000002
DH-075,0.0,0.0,90.0
DH-075,1.375,0.0,90.0
DH-076,0.0,152.000001,58.88309
DH-076,2.5,152.000001,58.88309
DH-076,7.5,152.000001,58.308041
DH-076,12.5,152.000001,57.708107
DH-076,17.5,152.000001,57.122094
DH-076,22.5,152.000001,56.835917
DH-076,27.5,152.000001,56.635967
DH-076,32.5,152.000001,56.435994
DH-076,37.5,152.000001,56.236005
DH-076,42.5,152.000001,56.036007
DH-076,47.5,152.000001,55.836008
DH-076,52.5,152.000001,55.636014
DH-076,57.5,152.000001,55.436033
DH-076,62.5,152.000001,55.234362
DH-076,70.8,152.000001,55.000032
DH-076,80.55,152.000001,55.000001
DH-076,97.3,152.000001,55.000001
DH-076,102.3,152.000001,55.000001
DH-077,0.0,152.000001,56.80003
DH-077,2.5,152.000001,56.80003
DH-077,7.5,152.000001,56.399973
DH-077,12.5,152.000001,55.999971
DH-077,17.45,152.000001,55.601953
DH-077,30.1,152.000001,54.895135
DH-077,35.1,152.000001,54.797997
DH-077,47.35,152.000001,54.553002
DH-077,55.7,152.000001,54.38536
DH-077,60.7,152.000001,54.286002
DH-077,65.7,152.000001,54.186926
DH-077,80.5,152.000001,54.000001
DH-077,85.5,152.000001,54.000001
DH-077,90.5,152.000001,54.000001
DH-077,95.5,152.000001,54.000001
DH-077,100.5,152.000001,54.000001
DH-078,0.0,152.000001,59.726909
DH-078,2.5,152.000001,59.726909
DH-078,7.5,152.000001,59.511998
DH-078,12.5,152.000001,59.311998
DH-078,17.15,152.000001,59.124671
DH-078,27.05,152.000001,58.744985
DH-078,34.35,152.000001,58.430073
DH-078,39.35,152.000001,58.238007
DH-078,44.35,152.000001,58.038009
DH-078,49.35,152.000001,57.83801
DH-078,54.35,152.000001,57.638016
DH-078,59.125,152.000001,57.44147
DH-078,70.35,152.000001,57.01675
DH-078,75.35,152.000001,57.000001
DH-078,80.35,152.000001,57.000001
DH-078,85.35,152.000001,57.000001
DH-078,90.35,152.000001,57.000001
DH-078,94.35,152.000001,57.000001
DH-079,0.0,154.592144,59.061487
DH-079,2.025,154.592144,59.061487
DH-079,9.4,157.674492,57.802574
DH-079,14.4,159.756894,56.85442
DH-079,19.4,161.695323,55.893657
DH-079,36.15,167.679642,52.376451
DH-080,0.0,152.000001,55.073745
DH-080,2.5,152.000001,55.073745
DH-080,6.3,152.000001,53.007073
DH-080,17.1,152.000001,49.131784
DH-080,22.1,152.000001,49.000001
DH-080,27.1,152.000001,49.000001
DH-080,32.1,152.000001,49.000001
DH-080,36.25,152.000001,49.000001
DH-080,46.85,152.000001,49.000001
DH-080,51.85,152.000001,49.000001
DH-081,0.0,152.963213,47.639172
DH-081,2.5,152.963213,47.639172
DH-081,7.5,153.000001,47.000001
DH-081,12.5,153.000001,47.000001
DH-081,17.5,153.000001,47.000001
DH-081,22.5,153.000001,47.000001
DH-081,27.5,153.000001,47.000001
DH-081,32.5,153.000001,47.000001
DH-081,37.5,153.000001,47.000001
DH-081,42.5,153.000001,47.000001
DH-082,0.0,152.000001,54.000001
DH-082,2.5,152.000001,54.000001
DH-082,7.5,152.000001,54.000001
DH-082,12.5,152.000001,54.000001
DH-082,16.55,152.000001,54.000001
DH-082,23.225,152.000001,54.000001
DH-082,30.4,152.000001,54.000001
DH-083,0.0,152.000001,60.000001
DH-083,2.1,152.000001,60.000001
DH-083,9.95,152.000001,60.000001
DH-083,14.125,152.000001,60.000001
DH-083,21.0,152.000001,60.000001
DH-083,30.45,152.000001,60.000001
DH-083,35.45,152.000001,60.000001
DH-083,40.45,152.000001,60.000001
DH-083,64.3,152.000001,60.000001
DH-084,0.0,152.000001,57.366424
DH-084,2.15,152.000001,57.366424
DH-084,13.9,152.000001,52.067391
DH-084,21.05,152.000001,49.214618
DH-084,38.6,152.000001,46.531592
DH-084,43.6,152.000001,45.85742
DH-084,48.6,152.000001,45.157416
DH-084,53.6,152.000001,44.440571
DH-084,57.525,152.000001,43.982967
DH-084,67.0,152.000001,42.637512
DH-084,71.8,152.000001,41.985437
DH-085,0.0,152.000001,60.000001
DH-085,2.5,152.000001,60.000001
DH-085,6.725,152.000001,60.000001
DH-085,40.2,152.000001,60.000001
DH-085,45.2,152.000001,60.000001
DH-085,50.2,152.000001,60.000001
DH-085,55.2,152.000001,60.000001
DH-085,59.4,152.000001,60.000001
DH-086,0.0,152.000001,59.201873
DH-086,2.5,152.000001,59.201873
DH-086,7.5,152.000001,57.598224
DH-086,16.0,152.000001,54.893538
DH-086,21.0,152.000001,53.282217
DH-086,33.7,152.000001,50.610438
DH-086,42.175,152.000001,49.253839
DH-086,63.8,152.000001,45.759911
DH-086,68.1,152.000001,45.205674
DH-086,75.8,152.000001,44.036193
DH-086,80.8,152.000001,44.000001
DH-087,0.0,152.000001,57.760634
DH-087,1.9,152.000001,57.760634
DH-087,16.35,152.000001,51.854433
DH-087,20.9,152.000001,50.200862
DH-087,39.65,152.000001,47.032496
DH-087,44.65,152.000001,46.232654
DH-087,49.65,152.000001,45.412397
DH-087,53.6,152.000001,44.882326
DH-087,62.325,152.000001,43.452977
DH-087,85.8,152.000001,42.000001
DH-087,90.8,152.000001,42.000001
DH-087,95.8,152.000001,42.000001
DH-088,0.0,152.397506,59.751964
DH-088,2.0,152.397506,59.751964
DH-088,8.65,153.217743,59.22435
DH-088,16.425,154.145089,58.601085
DH-088,26.35,154.633511,57.559746
DH-088,31.35,153.917325,56.664403
DH-088,40.75,152.63548,54.937404
DH-088,57.35,150.706695,51.998256
DH-088,62.35,150.167966,51.095249
DH-089,0.0,152.458733,59.325009
DH-089,2.0,152.458733,59.325009
DH-089,10.1,153.482703,57.708995
DH-090,0.0,155.000001,55.000001
DH-090,2.5,155.000001,55.000001
DH-090,7.5,155.000001,55.000001
DH-090,11.75,155.000001,55.000001
DH-091,0.0,152.597466,58.408267
DH-091,2.5,152.597466,58.408267
DH-091,7.5,153.013104,57.20717
DH-091,12.5,153.401486,56.008117
DH-091,17.5,153.805816,54.681219
DH-091,28.9,154.000001,52.617224
DH-091,38.35,154.000001,51.125686
DH-091,59.35,154.000001,47.837512
DH-091,64.35,154.000001,47.042831
DH-091,76.25,153.629366,44.928089
DH-092,0.0,157.454109,55.575455
DH-092,2.1,157.454109,55.575455
DH-092,16.1,159.87627,52.238782
DH-092,27.5,159.639638,50.706309
DH-092,31.8,159.542062,50.043524
DH-092,38.175,159.42315,49.210195
DH-092,45.95,159.273579,48.120412
DH-092,50.95,159.181531,47.425795
DH-092,55.95,159.091101,46.724982
DH-092,60.95,159.001364,46.010991
DH-092,65.95,159.000001,46.000001
DH-092,70.95,159.000001,46.000001
DH-092,75.95,159.000001,46.000001
DH-092,80.95,159.000001,46.000001
DH-092,85.95,159.000001,46.000001
DH-092,112.35,159.000001,46.000001
DH-092,116.525,159.000001,46.000001
DH-093,0.0,152.886209,59.136865
DH-093,2.5,152.886209,59.136865
DH-093,7.5,154.209797,57.749338
DH-093,12.5,155.432691,56.3519
DH-093,17.5,156.628967,54.865485
DH-094,0.0,153.015954,59.495505
DH-094,1.3,153.015954,59.495505
DH-094,61.55,156.6263,52.15068
DH-094,90.3,156.000001,51.000001
DH-094,94.775,156.000001,51.000001
DH-095,0.0,154.306351,53.665415
DH-095,2.5,154.306351,53.665415
DH-095,7.5,154.215675,53.185775
DH-095,12.5,154.113106,52.6299
DH-095,20.2,154.07332,51.833422
DH-095,29.55,154.704279,50.345437
DH-095,34.55,155.027766,49.543089
DH-095,56.6,156.331473,46.012362
DH-095,71.625,157.000001,44.000001
DH-095,78.8,157.000001,44.000001
DH-096,0.0,151.522183,58.201057
DH-096,2.5,151.522183,58.201057
DH-096,7.5,151.32498,57.400612
DH-096,12.5,151.136374,56.600579
DH-096,17.5,150.899344,55.880358
DH-096,22.5,150.333033,55.63618
DH-096,26.525,149.843621,55.362506
DH-096,57.95,146.779818,53.511612
DH-096,62.95,146.286669,53.190091
DH-096,70.9,147.242733,52.499281
DH-096,75.9,148.563301,51.939781
DH-096,80.9,149.836685,51.372378
DH-096,85.9,151.080641,50.790503
DH-097,0.0,155.530312,45.033628
DH-097,2.5,155.530312,45.033628
DH-097,7.5,156.135377,44.533742
DH-097,12.5,156.764359,44.001392
DH-097,29.2,158.64071,42.333477
DH-097,51.35,159.000001,42.000001
DH-097,56.35,159.000001,42.000001
DH-098,0.0,146.678193,53.695644
DH-098,2.5,146.678193,53.695644
DH-098,18.4,148.6139,52.780283
DH-098,23.4,149.216521,52.48064
DH-098,28.4,149.810378,52.178271
DH-098,32.45,150.357573,51.893299
DH-098,38.775,151.017455,51.541341
DH-098,56.85,153.443407,49.907562
DH-098,61.0,154.143721,49.352382
DH-098,77.9,156.455706,47.39476
DH-099,0.0,158.938812,57.695205
DH-099,2.5,158.938812,57.695205
DH-099,6.7,160.909947,56.908034
DH-099,12.65,162.971321,55.970632
DH-099,37.5,160.316068,53.01407
DH-099,42.5,159.825387,52.412024
DH-099,63.475,158.130998,49.746511
DH-099,81.375,160.142279,45.477717
DH-100,0.0,152.941622,59.326742
DH-100,2.5,152.941622,59.326742
DH-100,7.5,154.729098,57.950999
DH-100,54.75,155.07366,50.684695
DH-100,108.25,152.000001,45.009194
DH-101,0.0,155.890857,57.935499
DH-101,2.5,155.890857,57.935499
DH-101,6.75,157.17012,57.172661
DH-101,19.1,159.307045,55.543688
DH-101,24.1,159.671439,54.987024
DH-101,35.65,160.368344,53.874507
DH-101,40.65,160.669132,53.373988
DH-101,45.65,160.962584,52.873324
DH-101,50.575,161.247138,52.37584
DH-102,0.0,153.726431,55.816609
DH-102,2.1,153.726431,55.816609
DH-102,7.825,154.369058,53.979757
DH-102,17.1,154.802673,51.816416
DH-102,21.875,154.493891,51.525438
DH-103,0.0,152.000001,55.823835
DH-103,2.5,152.000001,55.823835
DH-103,17.85,152.000001,49.021867
DH-104,0.0,154.000001,49.000001
DH-104,2.075,154.000001,49.000001
DH-105,0.0,152.674578,59.182338
DH-105,2.25,152.674578,59.182338
DH-105,12.775,153.958418,57.499876
DH-105,22.25,154.996554,55.982047
DH-105,26.575,154.888846,55.412459
DH-105,35.85,154.696377,54.351859
DH-105,40.85,154.591311,53.748648
DH-105,49.45,154.418756,52.718769
DH-105,65.35,154.119539,50.809516
DH-105,82.55,155.185684,48.715632
DH-106,0.0,154.334458,50.622002
DH-106,2.5,154.334458,50.622002
DH-106,7.5,154.125014,49.819094
DH-106,12.5,153.923241,49.019171
DH-106,17.5,153.727861,48.218938
DH-106,22.5,153.538615,47.418897
DH-106,27.0,153.363254,46.654905
DH-106,36.3,153.030717,45.143822
DH-106,52.0,152.384539,43.276667
DH-106,57.0,152.178343,42.675686
DH-106,66.8,151.802764,41.54944
DH-106,74.2,151.499728,40.610235
DH-106,82.05,151.204005,39.66673
DH-107,0.0,154.719966,54.65031
DH-107,2.5,154.719966,54.65031
DH-107,7.5,155.061781,53.580931
DH-107,12.5,155.000001,52.823359
DH-107,17.5,155.000001,52.031891
DH-107,22.5,155.000001,51.232887
DH-107,27.5,155.000001,50.433122
DH-107,32.5,155.000001,49.633065
DH-107,37.5,155.000001,48.833183
DH-107,42.5,155.000001,48.033944
DH-107,47.5,155.000001,47.235812
DH-107,52.5,154.847942,46.406772
DH-107,57.5,155.634213,45.69763
DH-107,62.5,157.024926,45.010432
DH-107,66.625,157.978307,44.519657
DH-107,72.95,159.56814,43.6644
DH-107,77.95,160.799426,42.969303
DH-107,82.95,161.994918,42.266122
DH-107,87.95,163.162955,41.551334
DH-107,92.95,164.303097,40.826376
DH-107,97.95,165.415039,40.092693
DH-107,102.95,166.498604,39.351733
DH-107,107.95,166.749001,38.668129
DH-107,112.95,165.596312,38.05027
DH-107,125.15,163.556304,36.594037
DH-107,133.8,162.274527,35.631582
DH-107,138.8,161.490766,35.024573
DH-107,143.8,160.647481,34.355529
DH-108,0.0,154.930095,56.104751
DH-108,2.5,154.930095,56.104751
DH-108,7.5,155.116998,55.710623
DH-108,12.5,155.198527,55.439478
DH-108,17.5,155.302333,55.139773
DH-108,22.5,155.404609,54.839928
DH-108,27.5,155.505385,54.539972
DH-108,32.5,155.604691,54.239932
DH-108,37.5,155.702554,53.939837
DH-108,42.5,155.798916,53.639989
DH-108,47.5,155.89404,53.339675
DH-108,52.5,155.99894,53.052625
DH-108,57.5,155.902061,52.476486
DH-108,62.5,155.785928,51.839047
DH-108,66.725,155.703073,51.372881
DH-108,76.25,155.506805,50.229281
DH-108,81.25,155.407464,49.628567
DH-108,86.25,155.310672,49.028577
DH-108,91.25,155.21624,48.428848
DH-108,96.25,155.124093,47.829583
DH-108,108.45,155.000001,47.000001
DH-108,117.225,155.000001,47.000001
DH-108,125.6,155.000001,47.000001
DH-108,130.6,155.000001,47.000001
DH-108,135.6,155.000001,47.000001
DH-108,139.875,155.000001,47.000001
DH-108,149.9,155.000001,47.000001
DH-109,0.0,151.220185,56.960378
DH-109,2.5,151.220185,56.960378
DH-109,27.25,151.000001,55.270026
DH-109,32.25,151.000001,55.069984
DH-109,37.25,151.000001,54.869983
DH-109,42.25,151.000001,54.669988
DH-109,47.25,151.000001,54.470005
DH-109,52.25,151.000001,54.270043
DH-109,57.25,151.000001,54.070107
DH-109,62.25,151.000001,53.977308
DH-109,67.25,151.000001,54.000001
DH-109,72.25,151.000001,54.000001
DH-109,77.25,151.000001,54.000001
DH-109,82.25,151.000001,54.000001
DH-109,87.25,151.000001,54.000001
DH-109,92.25,151.000001,54.000001
DH-109,97.25,151.000001,54.000001
DH-109,110.825,151.000001,54.000001
DH-109,117.45,151.000001,54.000001
DH-109,122.45,151.000001,54.000001
DH-110,0.0,155.922391,55.716476
DH-110,2.5,155.922391,55.716476
DH-110,7.5,155.808023,55.290941
DH-110,11.775,155.724734,54.975121
DH-110,18.15,155.593008,54.465175
DH-110,22.075,155.498597,54.091598
DH-110,53.45,155.611227,51.385198
DH-110,58.45,156.275594,50.69396
DH-110,75.95,158.445334,48.257832
DH-110,80.95,159.02781,47.55406
DH-110,85.95,159.593899,46.848579
DH-110,90.95,160.144484,46.14142
DH-110,95.95,160.679992,45.433144
DH-110,100.95,161.058802,44.919594
DH-110,105.95,161.000001,45.000001
DH-110,110.95,161.000001,45.000001
DH-110,115.95,161.000001,45.000001
DH-110,120.95,161.000001,45.000001
DH-110,125.95,161.000001,45.000001
DH-110,130.95,161.000001,45.000001
DH-110,135.95,161.000001,45.000001
DH-110,140.95,161.000001,45.000001
DH-110,145.95,161.000001,45.000001
DH-110,150.95,161.000001,45.000001
DH-111,0.0,157.246997,54.472944
DH-111,2.075,157.246997,54.472944
DH-111,14.75,157.511909,52.697295
DH-111,19.75,157.610607,51.996261
DH-111,24.1,157.701042,51.333971
DH-111,33.825,157.872375,50.024439
DH-111,40.95,157.99659,49.027947
DH-111,45.95,158.617735,48.528374
DH-111,50.95,159.267237,48.04445
DH-111,55.95,159.89428,47.552832
DH-111,60.95,160.510085,47.057486
DH-111,65.95,161.114737,46.558718
DH-111,70.95,161.70833,46.05683
DH-111,74.8,162.252621,45.585718
DH-111,86.125,163.445892,44.515217
DH-111,96.05,164.000001,44.000001
DH-111,100.8,164.000001,44.000001
DH-111,117.25,164.000001,44.000001
DH-112,0.0,159.021492,55.940112
DH-112,2.5,159.021492,55.940112
DH-112,7.5,159.128106,55.640189
DH-112,12.5,159.232954,55.340592
DH-112,17.5,159.336251,55.040838
DH-112,22.5,159.438029,54.740954
DH-112,27.5,159.538317,54.440967
DH-112,32.5,159.637144,54.140906
DH-112,37.5,159.734538,53.840797
DH-112,42.5,159.830527,53.54067
DH-112,47.5,159.925138,53.240551
DH-112,52.5,159.981048,52.928389
DH-112,57.5,159.740698,52.521219
DH-112,62.5,159.529352,52.12268
DH-112,67.5,159.321665,51.723596
DH-112,72.5,159.117557,51.324042
DH-112,82.75,158.709977,50.503733
DH-112,87.625,158.518703,50.108164
DH-112,97.1,158.162607,49.353075
DH-112,102.1,157.990816,48.979898
DH-112,107.1,158.000001,49.000001
DH-112,121.7,158.000001,49.000001
DH-112,125.875,158.000001,49.000001
DH-113,0.0,151.026253,55.149932
DH-113,2.5,151.026253,55.149932
DH-113,7.5,150.560385,54.629168
DH-113,30.55,148.155401,52.841695
DH-113,35.55,147.665162,52.439371
DH-113,40.55,147.184108,52.035304
DH-113,45.55,146.711964,51.629549
DH-113,50.55,146.248583,51.222266
DH-113,55.55,146.318026,50.795418
DH-113,60.55,147.695131,50.278585
DH-113,69.2,149.404674,49.502432
DH-113,73.925,150.407633,49.023304
DH-113,84.0,152.467312,47.981437
DH-113,102.0,155.774056,46.134506
DH-113,107.0,156.081507,45.951209
DH-113,112.0,156.000001,46.000001
DH-113,122.4,156.000001,46.000001
DH-113,131.15,156.000001,46.000001
DH-113,136.15,156.000001,46.000001
DH-113,141.15,156.000001,46.000001
DH-113,145.5,156.000001,46.000001
DH-113,153.85,156.000001,46.000001
DH-113,157.85,156.000001,46.000001
DH-114,0.0,153.614452,58.406386
DH-114,2.5,153.614452,58.406386
DH-114,7.5,153.996094,58.004172
DH-114,12.5,153.445781,57.515202
DH-114,17.5,152.900985,57.019625
DH-114,22.5,152.3676,56.526432
DH-114,26.5,151.883924,56.062271
DH-114,34.75,151.123056,55.30482
DH-114,41.6,150.459552,54.615801
DH-114,46.075,150.011631,54.13496
DH-114,51.55,149.535529,53.609462
DH-114,57.95,149.000001,53.000001
DH-114,62.95,149.000001,53.000001
DH-114,67.95,149.000001,53.000001
DH-114,72.95,149.000001,53.000001
DH-114,77.05,149.000001,53.000001
DH-115,0.0,156.040608,60.014654
DH-115,2.5,156.040608,60.014654
DH-115,7.5,157.018745,59.997565
DH-115,12.5,157.000001,59.896005
DH-115,17.5,157.000001,59.795984
DH-115,22.5,157.000001,59.695998
DH-115,27.5,157.000001,59.595999
DH-115,32.5,157.000001,59.492744
DH-115,75.125,157.375582,57.931512
DH-115,86.15,157.597927,57.266903
DH-115,94.6,157.761274,56.7626
DH-115,125.95,158.000001,56.000001
DH-115,130.95,158.000001,56.000001
DH-115,141.1,158.000001,56.000001
DH-116,0.0,159.428688,49.760666
DH-116,2.5,159.428688,49.760666
DH-116,7.5,159.33204,48.959969
DH-116,12.5,159.238606,48.160579
DH-116,17.5,159.148164,47.362237
DH-116,22.5,159.060591,46.56541
DH-116,27.5,158.969054,45.744334
DH-116,32.5,158.852227,44.824118
DH-116,37.5,158.743565,43.92755
DH-116,42.5,158.637928,43.029139
DH-116,47.5,158.535219,42.129553
DH-116,52.5,158.43534,41.229466
DH-116,57.5,158.338203,40.329554
DH-116,62.5,158.243718,39.430493
DH-116,67.5,158.151803,38.532953
DH-116,72.5,158.062375,37.637597
DH-116,77.5,157.991771,36.915054
DH-116,82.5,158.000001,37.000001
DH-116,87.5,158.000001,37.000001
DH-116,92.5,158.000001,37.000001
DH-116,97.5,158.000001,37.000001
DH-116,102.5,158.000001,37.000001
DH-116,109.55,158.000001,37.000001
DH-116,114.55,158.000001,37.000001
DH-116,119.55,158.000001,37.000001
DH-116,124.55,158.000001,37.000001
DH-116,129.55,158.000001,37.000001
DH-117,0.0,152.000001,54.692351
DH-117,2.5,152.000001,54.692351
DH-117,7.5,152.000001,53.297309
DH-117,12.5,152.000001,52.8148
DH-117,17.5,152.000001,52.821006
DH-117,22.5,152.000001,52.720988
DH-117,27.5,152.000001,52.620999
DH-117,32.5,152.000001,52.520999
DH-117,37.5,152.000001,52.420999
DH-117,42.5,152.000001,52.320999
DH-117,47.5,152.000001,52.221002
DH-117,52.5,152.000001,52.121007
DH-117,57.5,152.000001,52.021016
DH-117,62.5,152.216531,51.923508
DH-117,67.5,152.546765,51.826644
DH-117,72.5,152.850292,51.728728
DH-117,77.5,153.152529,51.630025
DH-117,82.5,153.453461,51.530545
DH-117,87.5,153.753078,51.430298
DH-117,92.425,154.049169,51.330043
DH-117,100.1,154.502306,51.174305
DH-117,105.1,154.797094,51.071478
DH-117,110.1,155.000001,51.000001
DH-117,115.1,155.031204,50.988958
DH-117,120.1,155.000001,51.000001
DH-117,125.1,155.000001,51.000001
DH-118,0.0,151.321226,58.668876
DH-118,2.5,151.321226,58.668876
DH-118,7.5,151.106367,58.257157
DH-118,12.5,151.000001,57.916202
DH-118,17.5,151.000001,57.572621
DH-118,25.85,151.000001,57.100116
DH-118,30.85,151.000001,56.799944
DH-118,35.85,151.000001,56.499943
DH-118,40.85,151.000001,56.199944
DH-118,45.85,151.000001,55.899972
DH-118,50.85,151.000001,55.600051
DH-118,55.85,151.000001,55.300206
DH-118,60.85,151.000001,55.000462
DH-118,65.85,150.686558,54.803289
DH-118,70.85,150.341255,54.583398
DH-118,81.1,149.750161,54.199078
DH-118,86.1,149.448921,53.999299
DH-118,91.1,149.15066,53.798839
DH-118,96.1,148.855264,53.597661
DH-118,101.1,148.562713,53.395791
DH-118,106.1,148.272988,53.193253
DH-118,111.1,147.993547,52.995403
DH-118,116.1,148.000001,53.000001
DH-118,121.1,148.000001,53.000001
DH-118,126.1,148.000001,53.000001
DH-118,130.15,148.000001,53.000001
DH-119,0.0,157.836495,59.084225
DH-119,2.5,157.836495,59.084225
DH-119,6.85,159.895009,58.684711
DH-119,22.8,160.906513,57.590289
DH-119,26.8,159.727446,57.339921
DH-119,33.75,158.181682,56.989443
DH-119,38.75,156.964842,56.695198
DH-119,42.825,155.847596,56.410321
DH-119,50.2,154.256567,55.979457
DH-119,55.2,153.094937,55.645514
DH-119,60.0,152.021474,55.321853
DH-119,78.6,150.689505,53.837171
DH-119,89.8,150.47284,52.98504
DH-119,99.1,150.290515,52.240607
DH-119,104.1,150.195121,51.840769
DH-119,109.1,150.101404,51.440844
DH-119,113.9,150.011124,51.048776
DH-119,128.6,150.000001,51.000001
DH-119,133.6,150.000001,51.000001
DH-120,0.0,151.560899,59.198944
DH-120,1.625,151.560899,59.198944
DH-120,48.425,151.131452,53.321494
DH-120,68.875,151.902573,51.272999
DH-121,0.0,156.096447,56.806496
DH-121,2.5,156.096447,56.806496
DH-121,7.5,157.004127,55.994737
DH-121,12.5,157.225935,55.493732
DH-121,17.5,157.441631,54.997549
DH-121,22.5,157.652997,54.498744
DH-121,27.5,157.859365,53.99933
DH-121,32.5,158.060891,53.499441
DH-121,37.5,158.257721,52.999212
DH-121,42.5,158.449999,52.498777
DH-121,47.5,158.637862,51.998271
DH-121,52.5,158.822897,51.498706
DH-121,57.5,158.997897,50.987149
DH-121,62.5,158.885586,50.290819
DH-121,67.5,158.776318,49.593104
DH-121,72.5,158.669987,48.894321
DH-121,77.5,158.555645,48.120337
DH-121,90.6,158.307805,46.358659
DH-121,95.6,158.21392,45.659921
DH-121,100.6,158.122367,44.961246
DH-121,105.6,158.033165,44.263668
DH-121,110.6,157.990118,43.920965
DH-121,115.6,158.000001,44.000001
DH-121,120.6,158.000001,44.000001
DH-121,125.6,158.000001,44.000001
DH-121,130.6,158.000001,44.000001
DH-121,135.6,158.000001,44.000001
DH-121,140.6,158.000001,44.000001
DH-121,145.6,158.000001,44.000001
DH-121,149.45,158.000001,44.000001
DH-122,0.0,150.812619,54.363011
DH-122,2.5,150.812619,54.363011
DH-122,7.5,150.584465,53.559415
DH-122,12.5,150.36656,52.761885
DH-122,17.5,150.156232,51.962961
DH-122,22.5,149.95314,51.16314
DH-122,27.5,149.75696,50.362925
DH-122,32.5,149.567386,49.562817
DH-122,37.5,149.38413,48.763312
DH-122,42.5,149.20692,47.964905
DH-122,47.5,149.035497,47.168083
DH-122,52.5,148.833233,46.65075
DH-122,57.5,148.618536,46.282204
DH-122,62.5,148.411149,45.883356
DH-122,67.5,148.20665,45.483999
DH-122,72.5,148.004994,45.084208
DH-122,77.5,147.806138,44.68406
DH-122,82.5,147.61004,44.28363
DH-122,87.5,147.416658,43.882994
DH-122,92.5,147.225951,43.482225
DH-122,97.5,147.037877,43.0814
DH-122,101.65,146.977611,42.951774
DH-122,108.15,147.000001,43.000001
DH-122,113.15,147.000001,43.000001
DH-122,132.95,147.000001,43.000001
DH-122,137.95,147.000001,43.000001
DH-122,142.95,147.000001,43.000001
DH-122,152.05,147.000001,43.000001
DH-123,0.0,156.914745,58.876108
DH-123,2.5,156.914745,58.876108
DH-123,15.5,156.062106,57.583197
DH-123,37.35,154.756693,55.396361
DH-123,42.35,154.479755,54.896967
DH-123,47.35,154.175643,54.384519
DH-123,52.35,154.024289,53.91114
DH-123,57.35,154.132085,53.512076
DH-123,62.35,154.23793,53.112687
DH-123,67.35,154.341871,52.713035
DH-123,72.35,154.443953,52.313182
DH-123,77.35,154.54422,51.913191
DH-123,82.35,154.642714,51.513124
DH-123,87.35,154.733009,51.140008
DH-123,92.35,154.846023,50.664258
DH-123,110.625,155.000001,50.000001
DH-124,0.0,157.000001,56.178124
DH-124,2.5,157.000001,56.178124
DH-124,7.5,157.000001,55.877942
DH-124,12.5,157.000001,55.577944
DH-124,16.65,157.000001,55.296867
DH-124,64.2,155.364837,50.453494
DH-124,69.2,155.071566,49.752199
DH-124,74.2,154.787106,49.051297
DH-124,79.2,154.510842,48.350446
DH-124,84.2,154.242481,47.650017
DH-124,89.2,153.992663,46.98007
DH-124,94.2,154.000001,47.000001
DH-124,99.2,154.000001,47.000001
DH-124,103.35,154.000001,47.000001
DH-124,124.1,154.000001,47.000001
DH-125,0.0,160.000001,55.000001
DH-125,2.5,160.000001,55.000001
DH-125,14.4,160.000001,54.551985
DH-125,19.4,160.000001,53.494548
DH-125,35.8,160.000001,50.270686
DH-125,46.7,160.000001,48.08585
DH-125,51.7,160.000001,47.091494
DH-125,56.325,160.000001,46.131806
DH-125,73.175,160.000001,45.000001
DH-125,100.375,160.000001,45.000001
DH-125,109.25,160.000001,45.000001
DH-126,0.0,157.000001,55.602024
DH-126,2.5,157.000001,55.602024
DH-126,45.2,155.966989,52.409071
DH-126,50.2,155.658749,51.9091
DH-126,55.125,155.360002,51.41288
DH-126,98.025,154.000001,49.000001
DH-127,0.0,150.387635,52.075743
DH-127,1.6,150.387635,52.075743
DH-127,29.625,150.000001,50.000001
DH-127,37.225,150.000001,50.000001
DH-127,86.85,150.000001,50.000001
